{
  "project_info": {
    "project_number": "562486981720",
    "project_id": "dbtime-15db5",
    "storage_bucket": "dbtime-15db5.appspot.com"
  },
  "client": [
    {
      "client_info": {
        "mobilesdk_app_id": "1:562486981720:android:716222520bac39a680462d",
        "android_client_info": {
          "package_name": "com.example.v1"
        }
      },
      "oauth_client": [
        {
          "client_id": "562486981720-cl92qu60nuq2hkv1udgqspk976ja6k2l.apps.googleusercontent.com",
          "client_type": 3
        }
      ],
      "api_key": [
        {
          "current_key": "AIzaSyB9pIDp1_MLZ-X30xYjPT3L1ymLSIlzYvk"
        }
      ],
      "services": {
        "appinvite_service": {
          "other_platform_oauth_client": [
            {
              "client_id": "562486981720-cl92qu60nuq2hkv1udgqspk976ja6k2l.apps.googleusercontent.com",
              "client_type": 3
            }
          ]
        }
      }
    }
  ],
  "configuration_version": "1"
}